Formation,Locality,Unit,Member,Section,Group,Magnetozones,Epoch/Age,Zone,Subdivisions,Sediment,Fauna,OtherInfo,Date,Origination Taxa,Identified Interval Citation,Interval Dating Citation
Alcorisa,,,,,,,,MP 27,,,,,,,,https://ucmp.berkeley.edu/miomap/use/age.htm
Alcorisa,,,,,,,,MP 28,,,,,,,,
Alcorisa,,,Noir,,,,,MP 27,,,,,,,,
Alcorisa,,,Noir,,,,,MP 28,,,,,,,,
Aral,,,,,,,,NN5,,,,,,,,
Bannockburn,,,,,Manuherikia,,,Casuarinaceae,,,,,,,,
Barranca De Los Lobos,,,,,,,,Barrancolobian,,,,,,,,
Barranca De Los Lobos,,,,,,,,Marplatense,,,,,,,,
Borgloon,,,,,Tongeren,,,MP 21,,,,,,,,
Borgloon,,,Boutersem Sand,,Tongeren,,,MP 21,,,,,,,,
Bridger,,,,,,,,Br1a,,,,,,,,
Bridger,,,,,,,,Br1b,,,,,,,,
Bridger,,,,,,,,Br2,,,,,,,,
Bridger,,,,,,,,Ui1a,,,,,,,,
Bridger,,,Turtle Bluff,,,,,Ui1a,,,,,,,,
Brule,,,,,White River,,,Oreodon,,,,,,,,
Calcaries De Tàrrega,,,,,,,,Theridomyx major,,,,,,,,
Capo Mannu Dune Complex,,,,,,,,MN 16,,,,,,,,
Capo Mannu Dune Complex,,,D4,,,,,MN 16,,,,,,,,
Carl Creek,,,,,,,,Faunal A,,,,,,,,
Cerro Azul,,,,,,,,Xenodontomys ellipticus,,,,,,,,
Chapadmalal,,,,,,,,Paraglyptodon chapalmalensis,,,,,,,,
Chapadmalal,,,Playa Los Lobos,,,,,Paraglyptodon chapalmalensis,,,,,,,,
Chryssavgi,,,,,Pro-Mygdonia,,,MN 7+8,,,,,,,,
Corca,,,,,,,,MP 8 + 9,,,,,,,,
D’Aigne,,,,,,,,MP 13,,,,,,,,
De Saint Ouen,,,,,,,,MP 16,,,,,,,,
Denver,,,,,,,,Puercan 2,,,,,,,,
Denver,,,,,,,,Puercan 3,,,,,,,,
Detritic Carbonated Of Subirats,,,,,,,,MN 4,,,,,,,,
Eifel,,,,,,,,MP 13,,,,,,,,
El Polvorín,,,,,,,,Vorohuean Age,,,,,,,,
Escanilla,,,,,,,,MP 14,,,,,,,,
Etadunna,,,,,,,,Ditjmanka,,,,,,,,
Etadunna,,,,,,,,Faunal A,,,,,,,,
Faneromeni,,,,,,,,MN 11,,,,,,,,
Fort Union,,,,,Fort Union,,,Cf1,,,,,,,,
Fort Union,,,,,Fort Union,,,Cf3,,,,,,,,
Fort Union,,,,,Fort Union,,,Pu1,,,,,,,,
Fort Union,,,,,Fort Union,,,Ti1,,,,,,,,
Fort Union,,,,,Fort Union,,,Ti3,,,,,,,,
Fort Union,,,,,Fort Union,,,Ti4,,,,,,,,
Fort Union,,,,,Fort Union,,,Ti4a,,,,,,,,
Fort Union,,,,,Fort Union,,,Ti4b,,,,,,,,
Fort Union,,,,,Fort Union,,,Ti5,,,,,,,,
Fort Union,,,,,Fort Union,,,Ti5a,,,,,,,,
Fort Union,,,,,Fort Union,,,Ti5b,,,,,,,,
Fort Union,,,,,Fort Union,,,Ti6,,,,,,,,
Fort Union,,,Overland,,Fort Union,,,Ti1,,,,,,,,
Fort Union,,,Tullock,,Fort Union,,,Pu1,,,,,,,,
Gaverdovski,,,,,,,,MN 9,,,,,,,,
Gonia,,,,,,,,MN 13,,,,,,,,
Gonia,,,Silata,,,,,MN 13,,,,,,,,
Grès Dâ€™Assignan,,,,,Carcassonne,,,MP 8 + 9,,,,,,,,
Hsanda Gol,,,,,,,,A,,,,,,,,
Hsanda Gol,,,,,,,,B,,,,,,,,
Hsanda Gol,,,,,,,,C,,,,,,,,
Hsanda Gol,,,,,,,,C1,,,,,,,,
Keramaria,,,,,,,,MN 5,,,,,,,,
Lagunitas,,,,,,,,Miogypsina - Soriitidae,,,,,,,,
Las Flores,,,,,Rio Chico,,,Itaborian SALMA,,,,,,,,
Lignite,,,,,,,,MP 25,,,,,,,,
Lignite,,,,,,,,MP 26,,,,,,,,
Lignites De Soissonais,,,,,,,,MP 7,,,,,,,,
Loh,,,,,,,,C,,,,,,,,
Loh,,,,,,,,C1,,,,,,,,
Loh,,,,,,,,D,,,,,,,,
Loh,,,,,,,,D11,,,,,,,,
Loh,,,,,,,,E,,,,,,,,
Lower Freshwater Molasse,,,,,Molasse,,,MN 2a,,,,,,,,
Markygialos,,,,,,,,MN 13,,,,,,,,
Molasse De Carcassonne,,,,,,,,MP 10,,,,,,,,
Monte Hermoso,,,,,,,,Eumysops laeviplicatus,,,,,,,,
Monte Hermoso,,,,,,,,Neocavia depressidens,,,,,,,,
Monte Hermoso,,,,,,,,Trigodon gaudryi,,,,,,,,
Mortemer,,,,,Mont-Bernon,,,MP 7,,,,,,,,
Mortemer,,,Calcaire D’Ailly,,Mont-Bernon,,,MP 7,,,,,,,,
Mytilinii,,,,,,,,MN 11,,,,,,,,
Mytilinii,,,Main Bone,,,,,MN 11,,,,,,,,
Nacimiento,,,,,,,,Hemithlaeus kowalevskianus – Taeniolabis taoensis,,,,,,,,
Nacimiento,,,,,,,,To3,,,,,,,,
Nacimiento,,,Ojo Encino,,,,,To3,,,,,,,,
Nawata,,,,,,,,MN 13,,,,,,,,
Nea Messimvria,,,,,,,,MN 10,,,,,,,,
Nea Messimvria,,,,,,,,MN 9,,,,,,,,
Nikiti,,,,,,,,MN 10,,,,,,,,
Olesa-Les Fonts Alluvial System,,,,,,,,MN 9,,,,,,,,
Peñas Coloradas,,,,,Rio Chico,,,Carodnian,,,,,,,,
Perriere,,,,,,,,MP 16,,,,,,,,
Platanochori,,,,,,,,Villafranchian,,,,,,,,
Pomerado,,,,,,,,Tolypeutes pampaeus,,,,,,,,
Pomerado,,,Miramar,,,,,Tolypeutes pampaeus,,,,,,,,
Puerto Belgrano,,,,,,,,Neocavia depressidens,,,,,,,,
Ravenscrag,,,,,,,,Pu1,,,,,,,,
Ravin De Ratavoux,,,,,,,,MN 12,,,,,,,,
Saint-Papoul,,,,,,,,MP 8 + 9,,,,,,,,
Saldungaray,,,,,,,,Xenodontomys ellipticus,,,,,,,,
Saldungaray-La Toma,,,,,,,,Actenomys priscus - Plohophorus cuneiformis,,,,,,,,
San Andres,,,,,,,,Paractenomys chapadmalensis,,,,,,,,
San Andres,,,,,,,,Sanandresian,,,,,,,,
Santa Cruz,,,,,,,,Nitzschia reinholdii,,,,,,,,
Santa Cruz,,,,,,,,Protypotherium australe,,,,,,,,
Santa Cruz,,,Estancia La Costa,,,,,Protypotherium australe,,,,,,,,
Santiago,,,,,,,,Ui3,,,,,,,,
Santiago,,,C,,,,,Ui3,,,,,,,,
Sarmiento,,,,,,,,Barrancan - Mustersan,,,,,,,,
Sarmiento,,,,,,,,Canteran,,,,,,,,
Sarmiento,,,Rosado,,,,,Barrancan - Mustersan,,,,,,,,
Sarmiento,,,Upper Puesto Almendra,,,,,Canteran,,,,,,,,
Sekinobana,,,,,,,,CN4,,,,,,,,
Sense Schichten,,,,,,,,MN 3a,,,,,,,,
Shungura,,,,,Omo,,,Olduvai,,,,,,,,
Shungura,,,G,,Omo,,,Olduvai,,,,,,,,
Silveirinha,,,,,,,,MP 7,,,,,,,,
Silveirinha,,,Rio Mondego,,,,,MP 7,,,,,,,,
Skopi,,,,,,,,MN 11,,,,,,,,
Suffolk Pebble,,,,,,,,MP 7,,,,,,,,
Tudela,,,,,,,,MN 3,,,,,,,,
Tudela,,,,,,,,MN 4; MN 5,,,,,,,,
Tuglu,,,,,,,,MN 11,,,,,,,,
Tulu,,,,,,,,I,,,,,,,,
Upper Freshwater Molasse,,,,,Molasse,,,OSM C + D,,,,,,,,
Upper Freshwater Molasse,,,,,Molasse,,,OSM E,,,,,,,,
Upper Freshwater Molasse,,,Fluviatile Untere Serie,,Molasse,,,OSM E,,,,,,,,
Urumaco,,,,,,,,Xenarthra,,,,,,,,
Urumaco,,,Upper,,,,,Xenarthra,,,,,,,,
Vathylakkos,,,,,,,,MN 12,,,,,,,,
Vaugirard,,,,,,,,MP 8 + 9,,,,,,,,
Villatoro,,,,,,,,MN 7 + 8,,,,,,,,
Vorohué,,,,,,,,Vorohuense,,,,,,,,
Vorohuen,,,,,,,,Akodon (Akodon) lorenzinii,,,,,,,,
Vounargon,,,,,,,,Villafranchian,,,,,,,,
Wasatch,,,,,,,,Wa3,,,,,,,,
Wasatch,,,,,,,,Wa4,,,,,,,,
Wasatch,,,,,,,,Wa6,,,,,,,,
Wasatch,,,,,,,,Wa7,,,,,,,,
Wasatch,,,Main Body,,,,,Wa3,,,,,,,,
Willwood,,,,,,,,Phenacodus - Ectocion,,,,,,,,
Willwood,,,,,,,,Plesiadapis cookei,,,,,,,,
Willwood,,,,,,,,Wa0,,,,,,,,
Willwood,,,Sand Coulee,,,,,Plesiadapis cookei,,,,,,,,
Wite,,,,,,,,Alacoota,,,,,,,,
Woolwich,,,,,,,,Neustrian,,,,,,,,
Woolwich,,,Brixton,,,,,Neustrian,,,,,,,,
Zhangenbao,,,,,,,,MN 6,,,,,,,,
,,,,,Rio Chico,,,Carodnian,,,,,,,,
,,,,,Rio Chico,,,Itaborian SALMA,,,,,,,,
,,,,,White River,,,Oreodon,,,,,,,,
,,,,,Moldavian Platform,,,MN 9,,,,,,,,
,,,,,Tremp,,,MP 6,,,,,,,,
John Day,John Day K1,K1,Turtle Cove,Airport-Roundup Flat,,,,,Deep Creek Tuft-Biotite Tuft,,,,25.9-27.2 Ma,"Prosciurus, Protospermophilus, Paradjidaumo, Entoptychus (Entoptychus basilaris and Entoptychus wheelerensis), Leidymys, and Paciculus; the canid Paraenhydrocyon wallovianus; the amphicyonid Paradaphoenus cuspigerus; the insectivores Ocajila, Proscalops, and Domninoides; the camels Gentilicamelus and Paratylopus; the hypertraglid H. calcaratus; and the oreodonts Hypsiops, Merycochoerus superbus, “Promerycochoerus” macrostegus, Merycoides, and Paroreodon parvus.","Albright III, L.B., Woodburne III, M.O., Fremd III, T.J., Swisher III III, C.C., MacFadden III, B.J. and Scott III, G.R., 2008. Revised chronostratigraphy and biostratigraphy of the John Day Formation (Turtle Cove and Kimberly members), Oregon, with implications for updated calibration of the Arikareean North American Land Mammal Age. The Journal of Geology, 116(3), pp.211-237.",
John Day,John Day M,M,Upper Kimberly,Upper Roundup Flat ,,,,,,,,,24.9–24.1 Ma,"lagomorph Desmatolagus; the rodents Campestrallomys, Schizodontomys, Proheteromys, Protosciurus, and several species of Entoptychus; the insectivores Scalopoides and Domnina; the mustelid Oligobunis; the amphicyonid Daphoenodon; the artiodactyls Agriochoerus bullatus, Agriochoerus trifrons, Poebrotherium, Daeodon, Leptomeryx; and the perissodactyls Moropus, Anchitherium, and Kalobatippus","Albright III, L.B., Woodburne III, M.O., Fremd III, T.J., Swisher III III, C.C., MacFadden III, B.J. and Scott III, G.R., 2008. Revised chronostratigraphy and biostratigraphy of the John Day Formation (Turtle Cove and Kimberly members), Oregon, with implications for updated calibration of the Arikareean North American Land Mammal Age. The Journal of Geology, 116(3), pp.211-237.",
John Day,John Day,G–J,Turtle Cove,,,,,,Picture George Tuff-Deep Creek Tuft,,,,28.7-27.9 Ma,"Alwoodia magna, Meniscomys uhtoffi, Capicikala gradatus, Florentiamys lulli, and Pleurolicus sulcifrons; the primate Ekgmowechashala; the canid Philotrox condoni;","Albright III, L.B., Woodburne III, M.O., Fremd III, T.J., Swisher III III, C.C., MacFadden III, B.J. and Scott III, G.R., 2008. Revised chronostratigraphy and biostratigraphy of the John Day Formation (Turtle Cove and Kimberly members), Oregon, with implications for updated calibration of the Arikareean North American Land Mammal Age. The Journal of Geology, 116(3), pp.211-237.",
Jackass Butte,Jackass Butte,,,,,,,,,,Grand View Fauna,,2.6-1.9 Ma,,"Hutchison, J.H., 1987. Late Pliocene (Blancan) Scapanus (Scapanus)(Talpidae: Mammalia) from the Glenns Ferry Formation of Idaho. Museum of Paleontology, University of California.",
Crooked Creek,Borchers,KU-MEA-009; Locality 9,Atwater Member,,,,,,,,,,2.1-1.8 Ma,,"Martin, R.A., Honey, J.G., Peláez-Campomanes, P., Goodwin, H.T., Baskin, J.A. and Zakrzewski, R.J., 2002. Blancan lagomorphs and rodents of the Deer Park assemblages, Meade County, Kansas. Journal of Paleontology, 76(6), pp.1072-1090.,Martin, R.A., Honey, J.G. and Peláez-Camponanes, P., 2000. The Meade Basin rodent project: a progress report.",
Ballard,Deer Park,Rexroad Locality 1; KU Locality 25,Missler Member,,,,,,,,Deer Park Local Fauna,,4.9-3 Ma,,"Martin, R.A., Honey, J.G., Peláez-Campomanes, P., Goodwin, H.T., Baskin, J.A. and Zakrzewski, R.J., 2002. Blancan lagomorphs and rodents of the Deer Park assemblages, Meade County, Kansas. Journal of Paleontology, 76(6), pp.1072-1090.,Martin, R.A., Honey, J.G. and Peláez-Camponanes, P., 2000. The Meade Basin rodent project: a progress report.",
Saint David Formation,111 Ranch (Upper),,,,,,,,,,,,2.47-2.17 Ma,,"Galusha, T., Johnson, N.M., Lindsay, E.H., Opdyke, N.D. and Tedford, R.H., 1984. Biostratigraphy and magnetostratigraphy, late Pliocene rocks, 111 Ranch, Arizona. Geological Society of America Bulletin, 95(6), pp.714-722.",
,Haile XVA,,,,,,,,,,,,2.5-2.0 Ma,,"Martin, R.A., 2005. Preliminary correlation of Florida and central Great Plains Pliocene and Pleistocene mammalian local faunas based on rodent biostratigraphy. Cenozoic Vertebrates of the Americas: Papers to Honor S. David Webb. Bulletin of the Florida Museum of Natural History, 45(4), pp.363-367.",
Rexroad Formation,Saw Rock Canyon (Lower),Locality No. 6; XI Ranch,,,,,,,,,Saw Rock Canyon Fauna,,4.8-4.5 Ma,,"Repenning, C.A. and May, S.R., 1986. New evidence for the age of lower part of the Palomas Formation, Truth or Consequences, New Mexico. New Mexico Geological Society Guidebook, 37, pp.257-260.",
Snake Creek Formation,Aphelops Draw Quarries,,Johnson Member,,,,,,,,,,9-6.7 Ma,,"Skinner, M.F., Skinner, S.M. and Gooris, R.J., 1977. Stratigraphy and biostratigraphy of late Cenozoic deposits in central Sioux County, western Nebraska. Bulletin of the AMNH; v. 158, article 5.",
,Edson,Edson Beds; North Quarry,,,,,,,,,Edson Quarry Local Fauna,,6.7-4.7 Ma,,"Harrison, J.A., 1983. Carnivora of the Edson Local Fauna (Late Hemphillian), Kansas. Smithsonian Contributions to Paleobiology.",
,Higgins Quarries,Sibbet Ranch; Reed and Longnecker Locs. 124-A and 124-B4,,,,,,,,,Higgins Local Fauna,,9-6.7 Ma,,"Parmley, D., 1988. Early Hemphillian (late Miocene) snakes from the Higgins local fauna of Lipscomb County, Texas. Journal of Vertebrate Paleontology, 8(3), pp.322-327.",
Ogallala,Coffee Ranch,,,,,,,,,,Coffee Ranch,,6.7-6.42 Ma,,"Lukens, W.E., Driese, S.G., Peppe, D.J. and Loudermilk, M., 2017. Sedimentology, stratigraphy, and paleoclimate at the late Miocene Coffee Ranch fossil site in the Texas Panhandle. Palaeogeography, Palaeoclimatology, Palaeoecology, 485, pp.361-376.",
,Honey Creek,UNSM Ht-103,,,,,,,,,,,6.7-4.7 Ma,,"Martin, J.E., 2008. Hemphillian rodents from northern Oregon and their biostratigraphic implications. Paludicola, 6(4), pp.155-190.",
Ash Hollow,Minium Quarry,,,,,,,,,"muddy sandstones,sheet flood sediments",Ogallala Group,,9-8 Ma,,"Darnell, M.K., 2000. Systematics of the Fossil Equidae (Mammalia: Perissodactyla), Minimum Quarry, Graham County, Kansas.",
Ogallala,Optima,OMNH V52; UCMP V-2902,,,,,Late Hemphillian,,,"of gravel, conglomerate, sand, sandstone, silt, clay, with minor amounts of volcanic ash, sub-bentonite and diatomaceous",Optima Fauna,,5.5 Ma,,"Gordon, C.L. and Czaplewski, N.J., 2000. A fossil marmot from the late Miocene of western Oklahoma. Oklahoma Geology Notes, 60(2), pp.28-32.",
,Big Spring Canyon, UCMP V-3322; SDSM V-512; Ed Ross Ranch,,,,,,,,compact fine-grained sand- ston,Big Spring Canyon Fauna/Ogallala Group,,13.6-10 Ma,,PBDB,
Valentine,Devils Gulch Horse Quarry,,,,,,,,,"a fine sand, yellowish to olive drab in color. It is extremely rich in claY (Wellstead, C.F., 1981. Sedimentology of Norden Bridge and Egelhoff fossil quarries (Miocene) of north-central Nebraska.)",,,,,,
Wildcat Hills Beds Formation,Stage Hill I,"upper Arikaree Group""",,,,,,,,"""channel""; sandstone and conglomerate (PBDB)",,,,,"Coombs, M.C. and Coombs Jr, W.P., 1997. Analysis of the geology, fauna, and taphonomy of Morava Ranch Quarry, early Miocene of northwest Nebraska. Palaios, pp.165-187.",
Harrison ,Pine Ridge Escarpment,Eagle Crag Ash,,Eagle Crag Ash,,,,,,massive fine-grained gray sandstone represents a volcaniclastic loess,,,19.7-18.7 Ma,,"Terry, D.O., LaGarry, H.E. and Hunt, R.M. eds., 1998. Depositional environments, lithostratigraphy, and biostratigraphy of the White River and Arikaree Groups (late Eocene to early Miocene, North America) (Vol. 325). Geological Society of America.",
(Sharps Formation,Sharps SDSM V-5354,LACM 1819; St. John's,Upper,,,"C10n,C9r",,Meniscomys,,Brown Siltstone Beds,,,28.3-27.4 Ma,,"Scarpetta, S.G., 2019. Peltosaurus granulosus (Squamata, Anguidae) from the middle Oligocene of Sharps Corner, South Dakota, and the youngest known chronostratigraphic occurrence of Glyptosaurinae. Journal of Vertebrate Paleontology, 39(3), p.e1622129.",
Chadronian,Ahearn,,,,,C15n2,,,,,,,36.2-35.7 Ma,,"Prothero, D.R. and Emry, R.J., 2004. The Chadronian, Orellan, and Whitneyan North American Land Mammal Ages. Late Cretaceous and Cenozoic Mammals of North America. Columbia University Press, New York, pp.156-168.",
Chadron Formation,Chadronia Pocket,,Big Cottonwood Creek Member,,,,,,," ""grey-green... clay-silt"" that includes some solid blocks but is also screenable in part (PBDB)",,,,,,
Renova Formation,Fence Pocket,MV 6103,Climbing Arrow Member,,,,,,,,,,36-35 Ma,,"Prothero, D.R., 1984. Magnetostratigraphy of the early Oligocene Pipestone Springs locality, Jefferson County, Montana. Rocky Mountain Geology, 23(1), pp.33-36.",
Renova Formation,PipeStone Springs,,Climbing Arrow Member,,,Chron 13,,,,volcaniclastic and montmorillonitic pumiceous mudstones and immature vitric siltstone,,,36-35 Ma,,"Prothero, D.R., 1984. Magnetostratigraphy of the early Oligocene Pipestone Springs locality, Jefferson County, Montana. Rocky Mountain Geology, 23(1), pp.33-36.",
Renova Formation,Diamond O Ranch,,Climbing Arrow Member,,,Chron 17n,,,,,,,38-37 Ma,,"Prothero, D.R. and Swisher, C., 1992. Magnetostratigraphy and geochronology of the terrestrial Eocene-Oligocene transition in North America. Unknown Journal, pp.46-73.",
White River Formation,Horsetail Creek,,Horsetail Creek Member,,,Chron C13r,,,,,,,34.7-33.7 Ma,,"Prothero, D.R. and Swisher, C., 1992. Magnetostratigraphy and geochronology of the terrestrial Eocene-Oligocene transition in North America. Unknown Journal, pp.46-73.,Lloyd, K.J., 2007. An investigation and comparison of latest Eocene (Chadronian) mammalian faunas found in the intermontane basins and plains of Colorado (Doctoral dissertation, University of Colorado at Boulder).",
Upper Harrison Formation,,,,,,,,,,,,,18.8-19.2,,"Hunt, R.M., 2002. New amphicyonid carnivorans (Mammalia, Daphoeninae) from the early Miocene of southeastern Wyoming. American Museum Novitates, 2002(3385), pp.1-41.",
Harrison Formation,Sixty Six Mountain,,,,,,,,,massive fine-grained gray sandstone represents a volcaniclastic loess,,,19.7-18.7 Ma,,"Terry, D.O., LaGarry, H.E. and Hunt, R.M. eds., 1998. Depositional environments, lithostratigraphy, and biostratigraphy of the White River and Arikaree Groups (late Eocene to early Miocene, North America) (Vol. 325). Geological Society of America.",
Barstow Formation,,,Middle Member,,,,,,,,,,16.5-15 Ma,,,
Tesuque Formation,,,Skull Ridge Member,,,,,,,,,,16-14.5 Ma,,,
Barstow Formation,Oreodont Quarry,,Lower Member,,,,,,,,,,15.88-15.8 Ma,,,
Barstow Formation,Deep Quarry,,Middle Member,,,,,,,,,,15.4-15.3 Ma,,"Reynolds, R.E. ed., 2013. Raising Questions in the Central Mojave Desert (pp. 99-102). California State University, Desert Studies Consortium and LSA Associates, Incorporated.",
Barstow Formation,Echo Quarry,,Middle Member,,,,,,,,,,15.4-15.3 Ma,,"Reynolds, R.E. ed., 2013. Raising Questions in the Central Mojave Desert (pp. 99-102). California State University, Desert Studies Consortium and LSA Associates, Incorporated.",
Valentine Formation,Burge Quarry,,Burge Member,,,,,,,,,,12 Ma,,"Bryant, J.D., Luz, B. and Froelich, P.N., 1994. Oxygen isotopic composition of fossil horse tooth phosphate as a record of continental paleoclimate. Palaeogeography, Palaeoclimatology, Palaeoecology, 107(3-4), pp.303-316.",
Goliad Formation,"Bridge Ranch, Normanna",,Lapara Member,,,,,,,,,,12 Ma,,"Baskin, J.A. and Hulbert Jr, R.C., 2008. Revised biostratigraphy of the middle Miocene to earliest Pliocene Goliad Formation of South Texas.",
,Edson,,,,,,Middle Pliocene,,,,,,3.5-2.5 Ma,,"Hibbard, C.W., 1934. Two new genera of Felidae from the middle Pliocene of Kansas. Transactions of the Kansas Academy of Science (1903), pp.239-255.","Dowsett, H.J. and Cronin, T.M., 1990. High eustatic sea level during the middle Pliocene: Evidence from the southeastern US Atlantic Coastal Plain. Geology, 18(5), pp.435-438."
Big Sandy Formation,Wikieup,,,,,,Late/Upper Hemphillian,,,,,,6.7-5.6 Ma,,"Dickinson, W.R., 2008. Facies reconnaissance of the upper Miocene Big Sandy Formation near Wikieup, Mohave County, Arizona.",
Fort Logan Formation,Fort Logan,,,,,,Early Miocene(23.3-16.3)-Arikareen (30.8-20.4),,,,,,23.3-20.3 Ma,,"Wolfe, P.E., 1964. Late Cenozoic uplift and exhumed Rocky Mountains of central western Montana. Geological Society of America Bulletin, 75(6), pp.493-502., Nichols, R., 1976. Early Miocene mammals from the Lemhi Valley of Idaho.","https://australian.museum/learn/australia-over-time/evolving-landscape/the-early-miocene-epoch/, Paleobiology Databse"
,Little Muddy Creek (Niobrara County),,,,,,Arikareen (based on taxa ranges),,,,,,30.8-23 Ma,,"Welsh, E., Boyd, C.A., Spearing, K. and Barrett, P.Z., 2015, January. STRATIGRAPHIC AND TAXONOMIC REVISION OF A NORTH AMERICAN FALSE SABER-TOOTHED CAT CUB. In Proceedings of the South Dakota Academy of Science (Vol. 94).",
Wind River Formation,Cooper Lake (UW V-76019),,,,,Chron C24n.lr,Lostcabinian (sub stage),,,,,,57.06-53.49 Ma,,"Clyde, W.C., Stamatakos, J. and Gingerich, P.D., 1994. Chronology of the Wasatchian land-mammal age (early Eocene): magnetostratigraphic results from the McCullough Peaks section, northern Bighorn Basin, Wyoming. The Journal of Geology, 102(4), pp.367-377.","(Chron) Westerhold, T., Röhl, U., Laskar, J., Raffi, I., Bowles, J., Lourens, L.J. and Zachos, J.C., 2007. On the duration of magnetochrons C24r and C25n and the timing of early Eocene global warming events: Implications from the Ocean Drilling Program Leg 208 Walvis Ridge depth transect. Paleoceanography, 22(2)."
Wasatch Formation,Dad,,Niland Tongue Member ,,,Chron C24n.lr,Lostcabinian (sub stage),,,,,,57.06-53.49 Ma,,"Wilf, P., 2000. Late Paleocene–early Eocene climate changes in southwestern Wyoming: Paleobotanical analysis. Geological Society of America Bulletin, 112(2), pp.292-307.","(Chron) Westerhold, T., Röhl, U., Laskar, J., Raffi, I., Bowles, J., Lourens, L.J. and Zachos, J.C., 2007. On the duration of magnetochrons C24r and C25n and the timing of early Eocene global warming events: Implications from the Ocean Drilling Program Leg 208 Walvis Ridge depth transect. Paleoceanography, 22(2)."
Willwood Formation,MP-228 (McCullough Peaks) ,Wa-3,,,,,,,,,,,54.76-54.14 Ma,,PBDB,MAMMALIAN BIOSTRATIGRAPHY OF THE McCULLOUGH PEAKS AREA IN THE NORTHERN BIGHORN BASIN
Willwood Formation,MP-211,Wa-2,,,,,,,,,,,55.01-54.51,,PBDB,MAMMALIAN BIOSTRATIGRAPHY OF THE McCULLOUGH PEAKS AREA IN THE NORTHERN BIGHORN BASIN
Willwood Formation,MP-234,Wa-3,,,,,,,,,,,54.76-54.14 Ma,,PBDB,MAMMALIAN BIOSTRATIGRAPHY OF THE McCULLOUGH PEAKS AREA IN THE NORTHERN BIGHORN BASIN
Willwood Formation,MP-238,Wa-2/3,,,,,,,,,,,55.01-54.14,,PBDB,MAMMALIAN BIOSTRATIGRAPHY OF THE McCULLOUGH PEAKS AREA IN THE NORTHERN BIGHORN BASIN
Willwood Formation,MP-154,Wa-5,,,,,,,,,,,53.75-53.12 Ma,,PBDB,MAMMALIAN BIOSTRATIGRAPHY OF THE McCULLOUGH PEAKS AREA IN THE NORTHERN BIGHORN BASIN
Willwood Formation,MP-16,Wa-5,,,,,,,,,,,53.75-53.12 Ma,,PBDB,MAMMALIAN BIOSTRATIGRAPHY OF THE McCULLOUGH PEAKS AREA IN THE NORTHERN BIGHORN BASIN
Willwood Formation,MP-168,Wa-6,,,,,,,,,,,53.32-52.71 Ma,,PBDB,MAMMALIAN BIOSTRATIGRAPHY OF THE McCULLOUGH PEAKS AREA IN THE NORTHERN BIGHORN BASIN
Willwood Formation,MP-194,Wa-5,,,,,,,,,,,53.75-53.12 Ma,,PBDB,MAMMALIAN BIOSTRATIGRAPHY OF THE McCULLOUGH PEAKS AREA IN THE NORTHERN BIGHORN BASIN
Willwood Formation,MP-203,Wa-3/4,,,,,,,,,,,54.76-53.53 Ma,,PBDB,MAMMALIAN BIOSTRATIGRAPHY OF THE McCULLOUGH PEAKS AREA IN THE NORTHERN BIGHORN BASIN
Willwood Formation,MP-239,Wa-2/3,,,,,,,,,,,55.01-54.14 Ma,,PBDB,MAMMALIAN BIOSTRATIGRAPHY OF THE McCULLOUGH PEAKS AREA IN THE NORTHERN BIGHORN BASIN
Willwood Formation,MP-244,Wa-2,,,,,,,,,,,55.01-54.51,,PBDB,MAMMALIAN BIOSTRATIGRAPHY OF THE McCULLOUGH PEAKS AREA IN THE NORTHERN BIGHORN BASIN
Willwood Formation,MP-252,Wa-3,,,,,,,,,,,54.76-54.14 Ma,,PBDB,MAMMALIAN BIOSTRATIGRAPHY OF THE McCULLOUGH PEAKS AREA IN THE NORTHERN BIGHORN BASIN
Wind River Formation,Wolton,,Lost Cabin Member,,,Chron C24n.lr,Lostcabinian (sub stage),,,,,,57.06-53.49 Ma,,PBDB,"(Chron) Westerhold, T., Röhl, U., Laskar, J., Raffi, I., Bowles, J., Lourens, L.J. and Zachos, J.C., 2007. On the duration of magnetochrons C24r and C25n and the timing of early Eocene global warming events: Implications from the Ocean Drilling Program Leg 208 Walvis Ridge depth transect. Paleoceanography, 22(2)."
Parachucla Formation,White Springs 3B,,Porters Landing Member ,,,,Early Miocene(23.3-16.3)-Arikareen (30.8-20.4),,,,,,23.3-20.3 Ma,,PBDB,"https://australian.museum/learn/australia-over-time/evolving-landscape/the-early-miocene-epoch/, Paleobiology Databse"
Wind River Formation,Guthrie Locality 4,,Lost Cabin Member,,,Chron C24n.lr,Lostcabinian (sub stage),,,,,,57.06-53.49 Ma,,"Beard, K.C., Krishtalka, L. and Stucky, R.K., 1991. First skulls of the early Eocene primate Shoshonius cooperi and the anthropoid-tarsier dichotomy. Nature, 349(6304), pp.64-67.","(Chron) Westerhold, T., Röhl, U., Laskar, J., Raffi, I., Bowles, J., Lourens, L.J. and Zachos, J.C., 2007. On the duration of magnetochrons C24r and C25n and the timing of early Eocene global warming events: Implications from the Ocean Drilling Program Leg 208 Walvis Ridge depth transect. Paleoceanography, 22(2)."
Juntura Formation,,,,Upper,,,Clarendonian,,,,Black Butte Fauna,,13.6-10.3 Ma,,"Shotwell, J.A., Bowen, R.G., Gray, W.L., Gregory, D.C., Taylor, D.W. and Russell, D.E., 1963. The Juntura Basin: studies in earth history and paleoecology. Transactions of the American Philosophical Society, 53(1), pp.1-77.",http://fossilworks.org/bridge.pl?a=displayInterval&interval_no=221
Loup Fork Formation,Niobrara River (coll. Hayden 1857),,,,,,late Miocene,,,,,,10.4-5 Ma,,"Cope, E.D., 1881. On the Canidae of the Loup Fork Epoch.",https://australian.museum/learn/australia-over-time/evolving-landscape/the-late-miocene-epoch/
Ash Hollow Formation,Reamsville,,,Lower ,,,,,,,,,6.7-4.7 Ma,,"Martin, J.E., 2008. Hemphillian rodents from northern Oregon and their biostratigraphic implications. Paludicola, 6(4), pp.155-190.",
,Mouth of Minnechaduza Creek,,,,,,Barstovian,,,,Pseudaelurus marshi (Barstovian species),,15.9-12.5 Ma,,"Browne, I., 2005. A CASE FOR THE REASSIGNMENT OF THE BARSTOVIAN FELID PSEUDAELURUS MARSHI TO THE GENUS NIMRAVIDES. Journal of Vertebrate Paleontology, 25(3), p.40A.",https://www.floridamuseum.ufl.edu/florida-vertebrate-fossils/land-mammal-ages/barstovian/
,Ogallala Beach,,,,,,late Clarendonian,,,,,,10.5-9 Ma,,PBDB,"Parmley, D., Chandler, R. and Chandler, L., 2015. Fossil frogs of the late Clarendonian (late Miocene) Pratt slide local fauna of Nebraska, with the description of a new genus. Journal of Herpetology, 49(1), pp.143-149."
,Withlacoochee River Site 4A,,,,,,Early Hemphillian,,,,,,9-6.8 Ma,,PBDB,https://www.floridamuseum.ufl.edu/florida-vertebrate-fossils/land-mammal-ages/hemphillian/
Bidahochi Formation,White Cone,,,,,,middle hempillian,,,,,,6.85-6.52 Ma,,PBDB,PBDB
Horned Toad Formation,Warren,,,,,,Late/Upper Hemphillian,,,,,,6.8-4.75 Ma,,PBDB,https://www.floridamuseum.ufl.edu/florida-vertebrate-fossils/land-mammal-ages/hemphillian/
Banta Shut-In Formation,Screw Bean,,,,,,early Early Hemphillian (Hh1),,,,,,9-7.5 Ma,,PBDB,https://www.floridamuseum.ufl.edu/florida-vertebrate-fossils/land-mammal-ages/hemphillian/
,V. John Dakin Quarry,,,,,,early Hemphillian (Hh1-Hh2),,,,,,9-6.8 Ma,,PBDB,https://www.floridamuseum.ufl.edu/florida-vertebrate-fossils/land-mammal-ages/hemphillian/
Pinole Tuff Formation,"UCMP 2572, Pinole Junction Site 1",,,,,,Hemphillian,,,,,,5.5-5.2 Ma,,PBDB,PBDB (5.3±0.1)
Ogallala Group,Sebastian Ranch ,,,,,,early Hemphillian,,,,,,9-6.8 Ma,,PBDB,https://www.floridamuseum.ufl.edu/florida-vertebrate-fossils/land-mammal-ages/hemphillian/
,Rick Irwin Site,,,,,,Late/Upper Hemphillian,,,,,,6.8-4.75 Ma,,PBDB,https://www.floridamuseum.ufl.edu/florida-vertebrate-fossils/land-mammal-ages/hemphillian/
 McKay Formation,McKay Resevoir ,,,,,,Hemphillian,,,,,,6-5.5 Ma,,PBDB (formation),"Martin, J.E., Hargrave, J.E. and Ball, K.L., 2018, January. REFINEMENTS OF THE LATE MIOCENE FORT ROCK FORMATION IN SOUTH-CENTRAL OREGON, THE McKAY FORMATION IN NORTHERN OREGON, AND THE TIMING OF THE PROSOMYS INTERCONTINENTAL DISPERSAL EVENT. In Proceedings of the South Dakota Academy of Science (Vol. 97)."
Ash Hollow Formation,Lemoyne Quarry,,,,,,early Hemphillian,,,,Lemoyne Local Fauna,,9-6.8 Ma,,"Leite, M.B., 1991. Fission-Track Ages of Zircons from Lonergan Creek (Shoreline Fossil Locality, Ash Hollow Formation, Upper Miocene) in Western Nebraska.",https://www.floridamuseum.ufl.edu/florida-vertebrate-fossils/land-mammal-ages/hemphillian/
Ogallala Formation,Jack Swayze Quarry,,,,,,early Hemphillian,,,,,,9-6.8 Ma,,"Bever, G.S., 2003. New record of Bassariscus ogallalae (Carnivora: Procyonidae) from the Ogallala Group (Miocene) of Ellis County, Kansas, with comments on variation within Bassariscus. The Southwestern Naturalist, 48(2), pp.249-256.",https://www.floridamuseum.ufl.edu/florida-vertebrate-fossils/land-mammal-ages/hemphillian/
Panaca Formation,Golgotha Watermill Pothole Quarry,,,,,,Late/Upper Hemphillian,,,,,,6.8-4.75 Ma,,"Semprebon, G.M. and Rivals, F., 2007. Was grass more prevalent in the pronghorn past? An assessment of the dietary adaptations of Miocene to recent Antilocapridae (Mammalia: Artiodactyla). Palaeogeography, Palaeoclimatology, Palaeoecology, 253(3-4), pp.332-347.",https://www.floridamuseum.ufl.edu/florida-vertebrate-fossils/land-mammal-ages/hemphillian/
Popotosa Formation,Gabaldon Badlands Level C,,Unit 3 Member ,,,,early Hemphillian,,,,,,9-6.8 Ma,,PBDB ,https://www.floridamuseum.ufl.edu/florida-vertebrate-fossils/land-mammal-ages/hemphillian/
,Devil's Nest Airstrip,,,,,,Late/Upper Hemphillian,,,,,,6.8-4.75 Ma,,PBDB,
,Box T,,,,,,early Hemphillian,,,,,,9-6.8 Ma,," G. E. Schultz. 1990. Stop 15: Early Hemphillian faunas of the Texas and Oklahoma panhandles. In T. C. Gustavson (ed.), Tertiary and Quaternary stratigraphy and vertebrate paleontology of parts of northwestern Texas and eastern New Mexico; Guidebook - Bureau of Economic Geology, University of Texas at Austin 95-103",https://www.floridamuseum.ufl.edu/florida-vertebrate-fossils/land-mammal-ages/hemphillian/
,Buis Ranch,,,,,,Late/Upper Hemphillian,,,,,,6.8-4.75 Ma,,PBDB,https://www.floridamuseum.ufl.edu/florida-vertebrate-fossils/land-mammal-ages/hemphillian/
Ash Hollow Formation ,Cambridge,,,,Ogallala Group,,,,,,,,9-8 Ma,,"Darnell, M.K., 2000. Systematics of the Fossil Equidae (Mammalia: Perissodactyla), Minimum Quarry, Graham County, Kansas.","Darnell, M.K., 2000. Systematics of the Fossil Equidae (Mammalia: Perissodactyla), Minimum Quarry, Graham County, Kansas."
,Beckerdite,,,,Ogallala Group,,early Hemphillian,,,,,,9-6.8 Ma,,PBDB,https://www.floridamuseum.ufl.edu/florida-vertebrate-fossils/land-mammal-ages/hemphillian/
,Arnett,,,,,,early Hemphillian,,,,,,9-6.8 Ma,,"G. E. Schultz. 1990. Stop 15: Early Hemphillian faunas of the Texas and Oklahoma panhandles. In T. C. Gustavson (ed.), Tertiary and Quaternary stratigraphy and vertebrate paleontology of parts of northwestern Texas and eastern New Mexico; Guidebook - Bureau of Economic Geology, University of Texas at Austin 95-103",https://www.floridamuseum.ufl.edu/florida-vertebrate-fossils/land-mammal-ages/hemphillian/
,JDNM 269 Hawk Rim Carnivore locality,,,,,,late Hemingfordian,,,,,,17.5-15.9 Ma,,PBDB,https://ucmp.berkeley.edu/miomap/use/age.htm
,Haile 7G,,,,,,middle late Blancan,,,,,,2.2-1.9 Ma,,PBDB,PBDB
Sheep Creek Formation),"Greenside, Long Quarries",,lower,,,,early late Hemingfordian,,,,,,,,"Kelly, T.S. and Lander, E.B., 1988. Biostratigraphy and correlation of Hemingfordian and Barstovian land mammal assemblages, Caliente Formation, Cuyama Valley area, California.",
Sheep Creek Formation),Rhino Quarry,,Middle Member,,,,late Hemingfordian,,,,,,17.5-15.9 Ma,,"Skinner, M.F., Skinner, S.M. and Gooris, R.J., 1977. Stratigraphy and biostratigraphy of late Cenozoic deposits in central Sioux County, western Nebraska. Bulletin of the AMNH; v. 158, article 5.",https://ucmp.berkeley.edu/miomap/use/age.htm
,Redington,,,,,,Late/Upper Hemphillian,,,,,,6.57-6.27 Ma,,PBDB,PBDB
Sheep Creek Formation),,,Middle Member,,,,late Hemingfordian,,,,,,17.5-15.9 Ma,,"Skinner, M.F., Skinner, S.M. and Gooris, R.J., 1977. Stratigraphy and biostratigraphy of late Cenozoic deposits in central Sioux County, western Nebraska. Bulletin of the AMNH; v. 158, article 5.",https://ucmp.berkeley.edu/miomap/use/age.htm
Loup Fork Formation,,,,,,,,,,,,,,,,
Fleming Formaton,Fort Polk Castor Creek,,Castor Creek Member,,,,,,,,,,13-11.5 Ma,,"Schiebout, J.A., Jones, M.H., Wrenn, J.H. and Aharon, P.R., 1996. Age of the Fort Polk, Louisiana, Miocene terrestrial vertebrate sites.",
,,,,,,,Barstovian,,,,,,,Copemys,"Schiebout, J.A., Jones, M.H., Wrenn, J.H. and Aharon, P.R., 1996. Age of the Fort Polk, Louisiana, Miocene terrestrial vertebrate sites.",
Branch Canyon Formation,Vedder (USGS M1090) ,,,,,,Hemingfordian,,,,,,17 Ma,,"Munthe, J., 1979. The Hemingfordian mammal fauna of the Vedder locality, Branch Canyon Sandstone, Santa Barbara County, California. Part III: Carnivora, Perissodactyla, Artiodactyla and summary. PaleoBios, 29, pp.1-22.","Munthe, J., 1979. The Hemingfordian mammal fauna of the Vedder locality, Branch Canyon Sandstone, Santa Barbara County, California. Part III: Carnivora, Perissodactyla, Artiodactyla and summary. PaleoBios, 29, pp.1-22."
Hector Formation,Upper Cady Mountains,,,,, chron C5Cr (MacFadden et al. 1990),,,,,,,17.277-16.726,,PBDB,PBDB 
Milk Creek Formation,Shields Ranch Quarry,,Middle ,,,,,,,"claystones and siltstones (Honey, J.G. and Taylor, B.E., 1978. A generic revision of the Protolabidini (Mammalia, Camelidae) with a description of two new protolabidines. Bulletin of the AMNH; v. 161, article 3.)",,,,,,
Tesuque Formation,San Ildefonso Pueblo,,Pojoaque Member,,,,late Barstovian (Ba2),,,,,,14.8-12.5 Ma,,"Tedford, R.H., Albright III, L.B., Barnosky, A.D., Ferrusquia-Villafranca, I., Hunt Jr, R.M., Storer, J.E., Swisher III, C.C., Voorhies, M.R., Webb, S.D. and Whistler, D.P., 2004. Mammalian biochronology of the Arikareean through Hemphillian interval (late Oligocene through early Pliocene epochs). Late Cretaceous and Cenozoic Mammals of North America: Biostratigraphy and Geochronology. Columbia University Press, New York, pp.169-231.",https://www.floridamuseum.ufl.edu/florida-vertebrate-fossils/land-mammal-ages/barstovian/
Tesuque Formation,Rio del Oso-Abiquiu Sites,,lower Chama-El Rito Member,,,,,,,,,,15.7-14.9 Ma,,PBDB,PBDB 
Cerro Conejo Formation,Rincon Quarry,,"""Middle Red"" Member of Santa Fe Formation in past",,,,,,,,,,14.6-12.5 Ma,,"Connell, S.D., 2008. Refinements to the stratigraphic nomenclature of the Santa Fe Group, northwestern Albuquerque Basin, New Mexico. New Mexico Geology, 30(1).","Connell, S.D., 2008. Refinements to the stratigraphic nomenclature of the Santa Fe Group, northwestern Albuquerque Basin, New Mexico. New Mexico Geology, 30(1)."
Tesuque Formation,Ojo Caliente,,upper Chama-El Rito Member,,,,,,,,,,14-12 Ma,,"Stratigraphie and tectonic evolution of the northern Española basin, Rio Grande rift, New Mexico","Stratigraphie and tectonic evolution of the northern Española basin, Rio Grande rift, New Mexico"
Chanac Formation,North Tejon Hills,,,,,,early Pliocene or latest Miocene ,,,,,,7-3.6 Ma,,"Stock, C., 1935. Deep-well record of fossil mammal remains in California. AAPG Bulletin, 19(7), pp.1064-1068.","Retallack, G.J., 2004. Late Miocene climate and life on land in Oregon within a context of Neogene global change. Palaeogeography, Palaeoclimatology, Palaeoecology, 214(1-2), pp.97-123.,https://www.britannica.com/science/early-Pliocene-Epoch"
Milk Creek Formation,Milk Creek Quarry,,,upper,,,,,,,,,12.5-9 Ma,,"Morgan, G.S. and White Jr, R.S., 2005. Miocene and Pliocene vertebrates from Arizona. Vertebrate Paleontology in Arizona: Bulletin 29, 29, p.114.",
Cerro Conejo Formation,Middle Red Member (Higher),,Middle Red Member (Higher),,,,,,,,,,14.6-12.5 Ma,,"Connell, S.D., 2008. Refinements to the stratigraphic nomenclature of the Santa Fe Group, northwestern Albuquerque Basin, New Mexico. New Mexico Geology, 30(1).","Connell, S.D., 2008. Refinements to the stratigraphic nomenclature of the Santa Fe Group, northwestern Albuquerque Basin, New Mexico. New Mexico Geology, 30(1)."
Milk Creek Formation,Manzanita Quarry,,,upper,,,,,,,,,12.5-9 Ma,,"Morgan, G.S. and White Jr, R.S., 2005. Miocene and Pliocene vertebrates from Arizona. Vertebrate Paleontology in Arizona: Bulletin 29, 29, p.114.",
Chamita Formation,Lower Brown Unit ,,,,,chron C3An.2n,,,,,,,8.86-8.53,,PBDB,PBDB 
Zia Sand Formation,Kiva Quarry,,,,,,late Hemingfordian,,,,,,17.5-15.9 Ma,,"Galusha, T., 1966. The Zia Sand Formation, new early to medial Miocene beds in New Mexico. American Museum novitates; no. 2271.",https://ucmp.berkeley.edu/miomap/use/age.htm
Tesuque Formation,East Cuyamungue,,,,lower Santa Fe Group,,,,,,,,17-12 Ma,,"Barghoorn, S., 1981. Magnetic-polarity stratigraphy of the Miocene type Tesuque Formation, Santa Fe Group, in the Española Valley, New Mexico. Geological Society of America Bulletin, 92(12), pp.1027-1041.","Barghoorn, S., 1981. Magnetic-polarity stratigraphy of the Miocene type Tesuque Formation, Santa Fe Group, in the Española Valley, New Mexico. Geological Society of America Bulletin, 92(12), pp.1027-1041."
Zia Formation,Canyada de Zia,,,likely upper portion of formation,,,,,,,,,16-10 Ma,,"Beckner, J.R. and Mozley, P.S., 2009. Origin and spatial distribution of early vadose and phrea?c calcite cements in the Zia Formation, Albuquerque Basin, New Mexico, USA. Carbonate Cementation in Sandstones: Distribution Patterns and Geochemical Evolution, 72, p.27.",
Tesuque Formation,Dixon sites,,Dixon Member,,,,,,,,,,,,,
Milk Creek Formation,Deep Spring Quarry,,,upper,,,,,,,,,12.5-9 Ma,,"Morgan, G.S. and White Jr, R.S., 2005. Miocene and Pliocene vertebrates from Arizona. Vertebrate Paleontology in Arizona: Bulletin 29, 29, p.114.",
Zia Sand Formation,Cynarctoides Prospect,,lower Chamisa Mesa Member,,,,early Hemingfordian age,,,,,,18.8-17.5 Ma,,"Gawne, C.E., 1981. Sedimentology and stratigraphy of the Miocene Zia Sand of New Mexico: Summary. Geological Society of America Bulletin, 92(12), pp.999-1007.",https://ucmp.berkeley.edu/miomap/use/age.htm
,Crocker Springs,,,,,,upper/late Miocene,,,,,,10.4-5 Ma,,PBDB,https://australian.museum/learn/australia-over-time/evolving-landscape/the-late-miocene-epoch/
Zia Sand Formation,Canyada Pilares,,Chamisa Mesa Member,,,,early Hemingfordian age,,,,,,18.8-17.5 Ma,,"Gawne, C.E., 1981. Sedimentology and stratigraphy of the Miocene Zia Sand of New Mexico: Summary. Geological Society of America Bulletin, 92(12), pp.999-1007.",https://ucmp.berkeley.edu/miomap/use/age.htm
Caliente Formation,"""B"" Sites",,,,,,Middle Miocene,,,,,,16-11.6 Ma,,PBDB,https://www.britannica.com/science/middle-Miocene-Epoch
,,,,,,,late late Arikareean,,,,,,19.5-18.8 Ma,,PBDB,https://ucmp.berkeley.edu/miomap/use/age.htm
,,,,,,,early Late Arikareean,,,,,,23.8-19.5 Ma,,PBDB,https://ucmp.berkeley.edu/miomap/use/age.htm
,Blickomlyus Hill,, middle Chamisa Mesa Member,,,,Hemingfordian ,,,,,,18.8-15.9 Ma,,"Gawne, C.E., 1981. Sedimentology and stratigraphy of the Miocene Zia Sand of New Mexico: Summary. Geological Society of America Bulletin, 92(12), pp.999-1007.",https://ucmp.berkeley.edu/miomap/use/age.htm
Troublesome Formation,Substation Locality,,,,,,latest Arikareean to early Clarendonian,,,,,,23.5-11 Ma,,,
John Day Formation,Rose Creek Member,,Rose Creek Member,,,C5Er or C5Dr,,,,,,,18.7-17.6 Ma,,"Albright III, L.B., Woodburne III, M.O., Fremd III, T.J., Swisher III III, C.C., MacFadden III, B.J. and Scott III, G.R., 2008. Revised chronostratigraphy and biostratigraphy of the John Day Formation (Turtle Cove and Kimberly members), Oregon, with implications for updated calibration of the Arikareean North American Land Mammal Age. The Journal of Geology, 116(3), pp.211-237.","Albright III, L.B., Woodburne III, M.O., Fremd III, T.J., Swisher III III, C.C., MacFadden III, B.J. and Scott III, G.R., 2008. Revised chronostratigraphy and biostratigraphy of the John Day Formation (Turtle Cove and Kimberly members), Oregon, with implications for updated calibration of the Arikareean North American Land Mammal Age. The Journal of Geology, 116(3), pp.211-237."
Mascall Formation,Rock Creek,,,lower,,Chron C5Br to Chron C5Bn1n,,,,,,,16-14.8 Ma,,"Bestland, E.A., Forbes, M.S., Krull, E.S., Retallack, G.J. and Fremd, T.H.E.O.D.O.R.E., 2008. Stratigraphy, paleopedology, and geochemistry of the middle Miocene Mascall Formation (type area, central Oregon, USA). PaleoBios, 28(2), pp.41-61.","Prothero, D.R., Draus, E.L.I.Z.A.B.E.T.H. and Foss, S.E., 2006. Magnetic stratigraphy of the lower portion of the middle Miocene Mascall Formation, central Oregon. PaleoBios, 26(1), pp.37-42."
Mascall Formation,Riverside,,Unit 5 Member (Mascall Tuft bed),,,Chron C5Bn2n,,,,,,,15.155-15.034,,"Downs, T., 1956. The Mascall fauna from the Miocene of Oregon. University of California Press.","Maguire, K.C., Samuels, J.X. and Schmitz, M.D., 2018. The fauna and chronostratigraphy of the middle Miocene Mascall type area, John Day Basin, Oregon, USA. PaleoBios, 35."
,Crystal River Power Plant,,,,,,early Irvingtonian,,,,,,1.3-1.4 Ma,,PBDB,"Lucas, S.G., Morgan, G.S., Love, D.W. and Connell, S.D., 2017. The first North American mammoths: taxonomy and chronology of early Irvingtonian (early Pleistocene) Mammuthus from New Mexico. Quaternary International, 443, pp.2-13."
,De Soto Shell Pit,,,,,,early Irvingtonian,,,,,,1.3-1.4 Ma,,PBDB,"Lucas, S.G., Morgan, G.S., Love, D.W. and Connell, S.D., 2017. The first North American mammoths: taxonomy and chronology of early Irvingtonian (early Pleistocene) Mammuthus from New Mexico. Quaternary International, 443, pp.2-13."
,Haile 16A,,,,,,early Irvingtonian,,,,,,1.3-1.4 Ma,,PBDB,"Lucas, S.G., Morgan, G.S., Love, D.W. and Connell, S.D., 2017. The first North American mammoths: taxonomy and chronology of early Irvingtonian (early Pleistocene) Mammuthus from New Mexico. Quaternary International, 443, pp.2-13."
,Haile 21A,,,,,,early Irvingtonian,,,,,,1.3-1.4 Ma,,PBDB,"Lucas, S.G., Morgan, G.S., Love, D.W. and Connell, S.D., 2017. The first North American mammoths: taxonomy and chronology of early Irvingtonian (early Pleistocene) Mammuthus from New Mexico. Quaternary International, 443, pp.2-13."
,Inglis 1C,,,,,,early Irvingtonian,,,,,,1.3-1.4 Ma,,PBDB,"Lucas, S.G., Morgan, G.S., Love, D.W. and Connell, S.D., 2017. The first North American mammoths: taxonomy and chronology of early Irvingtonian (early Pleistocene) Mammuthus from New Mexico. Quaternary International, 443, pp.2-13."
,McLeod Limerock Mine,,,,,,mid Irvingtonian,,,,,,0.78-0.55,,PBDB,"Dundas, R.G., 2013. The mid-Irvingtonian Fairmead Land?ll fossil site, Madera County Paleontology Collection, and Fossil Discovery Center of Madera County, California. Geologic Excursions from Fresno, California, and the Central Valley: A Tour of California s Iconic Geology, 32, p.63."
,Payne Creek Mine (Irvingtonian),,,,,,early Irvingtonian,,,,,,1.3-1.4 Ma,,PBDB,"Lucas, S.G., Morgan, G.S., Love, D.W. and Connell, S.D., 2017. The first North American mammoths: taxonomy and chronology of early Irvingtonian (early Pleistocene) Mammuthus from New Mexico. Quaternary International, 443, pp.2-13."
,Inglis IA,,,,,,latest Blancan,,,,,, 1.9-1.6 Ma,,PBDB,PBDB
,Haile 7G,,,,,,middle late Blancan,,,,,,1.9-2.2,,PBDB,PBDB
,Kissimmee River,,Tamiami,,,, late Blancan,,,,,,1.8-2.5,,PBDB,"Meachen, J., 2005. A new species of Hemiauchenia (Artiodactyla, Camelidae) from the Late Blancan of Florida. Florida Museum of Natural History Bulletin, 45, pp.435-447."
,Saw Rock Canyon (Lower),,,,,,Late/Upper Hemphillian,,,,,,6.8-4.75 Ma,,"Hibbard, C.W., 1964. A contribution to the Saw Rock Canyon local fauna of Kansas.",https://www.floridamuseum.ufl.edu/florida-vertebrate-fossils/land-mammal-ages/hemphillian/
,MP-14,,,,,,mid-late Wasatchian (Wa-5-Wa7),,,,,,54-52.71 Ma,,"Fossilworks/ Gingerich, P.D., 1989. Systematics and evolution of early Eocene Hyaenodontidae (Mammalia, Creodonta) in the Clarks Fork Basin, Wyoming.",Secord et al. 2008
,FG-42,,,,,,"Wa1 (early Wasatchian, Wa1-Wa3)",,,,,,55.8-55.2,,PBDB,Secord et al. 2008
,FG-103,,,,,,"Wa2 (early Wasatchian, Wa1-Wa3)",,,,,,55.8-55.2,,PBDB,Secord et al. 2008
Wasatch Formation,New Fork,Cathedral Bluffs Tongue Member ,,upper,,C24n.lr.,Wa7 latest Wasatchian,,,,Lostcabinian,Lostcabinian,52.59±0.12,,"Fossilworks/ Gingerich, P.D., 1989. Systematics and evolution of early Eocene Hyaenodontidae (Mammalia, Creodonta) in the Clarks Fork Basin, Wyoming.",Secord et al. 2008
,FG-17,,,,,,"Wa2 (early Wasatchian, Wa1-Wa3)",,,,,,55.8-55.2,,PBDB,Secord et al. 2008
,FG-60,,,,,,"Wa1 (early Wasatchian, Wa1-Wa3)",,,,,,55.8-55.2,,PBDB,Secord et al. 2008
Wasatch Formation,Despair Quarry,,,,,,"early wasatchian, Wa1-Wa3",,,,Four mile fauna,Four mile fauna,55.8-55.2,,"Gingerich, P.D., 1980. Early Cenozoic paleontology and stratigraphy of the Bighorn Basin, Wyoming.",Secord et al. 2008
Wasatch Formation,Anthill Quarry,,,,,,"early wasatchian, Wa1-Wa3",,,,Four mile fauna,Four mile fauna,55.8-55.2,,"Gingerich, P.D., 1980. Early Cenozoic paleontology and stratigraphy of the Bighorn Basin, Wyoming.",Secord et al. 2008
Sheep Creek Formation,Thomson Quarry,middle,,,,,Hemingfordian ,,,,,,16.3±0.13,,PBDB, MacFadden et al. 1990
Alachua Formation,Thomas Farm,,,,,,Hemingfordian ,,,,,,,,,
Wasatch Formation,Dad,Niland Tongue,,,,,late Wasatchian,,,,Lostcabinian,Lostcabinian,52.59±0.12,,"Wilf, P., 2000. Late Paleocene–early Eocene climate changes in southwestern Wyoming: Paleobotanical analysis. Geological Society of America Bulletin, 112(2), pp.292-307.",Secord et al. 2008
,Little Muddy Creek (Niobrara County),lower to middle,,,,,earliest Arikareean,,,,,Based on C. gradatus,25-29 ma,,"Prothero, D.R. and Emry, R.J. eds., 2005. The Terrestrial Eocene-Oligocene Transition in North America. Cambridge University Press.","Prothero, D.R. and Emry, R.J. eds., 2005. The Terrestrial Eocene-Oligocene Transition in North America. Cambridge University Press."
